id,topic,slug
ur6TqIqffxvUeULM5wIm,-1,who-will-finish-1st-in-leagues-s3-m-b43a24ed50c3
1sfbjcTu6zgqjCVjqWA2,16,will-the-lk99-room-temp-ambient-pre
GrfxPS8wLngFhacbsG4o,8,which-team-will-win-the-2023-fifa-w-9730308e083d
U3zLgOZkGUE7cvG98961,-1,will-the-whales-win-this-market
Zk3pS09hFBuYrDL3kCKF,15,who-will-be-promoted-to-masters-fro
5ssg7ccYrrsEwZLYh9tP,3,will-google-search-include-a-chatbo
YVDsNCQWr7hUrAiFiKIV,-1,will-the-up-arrow-on-this-question-850f1c4e7fb0
YTIuuSsNRn2OlA4KykRM,1,will-biden-be-the-2024-democratic-n
G6Lj2ccHZyp8aHzwVchb,9,will-andrew-tate-be-found-guilty-of
Tb858CxvnaGL2955ZAlO,-1,manifold-haiku-what-word-comes-afte
NRLwgQYqCLk5zTasmxOn,2,will-the-average-probability-of-thi
VD6vOQuLb8hrmCJ8gD89,14,who-will-promote-to-masters-in-the
6fmIwAwDu0KO0YfvtRvK,-1,what-is-the-first-word-in-a-success
UXWt0LvLYNiC0PtZ9ZFJ,4,will-twitter-unban-destiny-in-2022
p66tCcsTNxSKuJQd0jKi,1,who-will-win-2024-us-presidential-e
usSjx2AtbUvfg7QNq5g2,4,will-realdonaldtrump-tweet-in-2023
cQNJViQfHF6PqwefqSuj,14,which-team-will-win-the-jugger-worl
BKr7KGDSkT6U3dGlqxIk,3,will-ai-wipe-out-humanity-before-th-d8733b2114a8
xoBW6LUh82fRuIMlC27u,11,who-will-win-stage-9-of-the-2023-to
AiEh38dIYVV5tOs1RmN3,9,will-donald-trump-be-arrested-befor
XSGxnh3VW8HHV256w3DS,16,when-will-we-know-whether-the-room
al19fZ0uIn29YFsDDu8S,0,will-destiny-reach-600k-subscribers
3ATCSK6ZhKtJTE6X0KsN,-1,what-films-will-be-nominated-for-be
zOeYvjJXX42LgySMybg3,3,in-which-year-will-a-majority-of-ai
4amdGgZFKTxUMC3Fym6F,1,will-joe-biden-win-the-2024-us-pres
FhQjuSZJYHv3lsZJgtQX,-1,which-of-the-mystical-sphinxes-july
R9ywbZdVqmhJpxpU70xs,4,21-will-donald-trump-make-at-least
qbsNysonzYUUPy8mh3bK,15,s3-who-will-be-promoted-to-masters
HXcNYlbHAqRx55ql00ly,0,will-destiny-cover-the-mr-girl-mani
ukPWG8OUbMxSaqDevLqi,-1,who-will-finish-bottom-3-in-leagues
vsSExV02paS7IuFqTVOO,4,will-realdonaldtrump-tweet-in-2022
mZoOercJWPMFPM6XxKfI,3,will-ai-wipe-out-humanity-before-th
BOJKSTtz2vOLPt5LoyXR,2,will-destiny-beat-factorio-space-ex
LZuynBJB6zTiKm0HZuDK,10,1-will-vladimir-putin-be-president
xmgQKlpoIuKVouzTB6Rd,0,will-aella-be-romantically-involved
Pbq0ZFnZbp1oAfT4Ru9W,15,who-will-be-promoted-to-masters-fro-c705dfc11718
8dD3vNDbHnPCx3movLl9,6,will-ukraine-have-control-over-crim
pz4dHnKYn49woBUK83Mq,1,will-donald-trump-be-the-republican
A9C7Ol7FbKUvCjbJ37bz,12,will-a-nuclear-weapon-be-detonated-d8af7cf07475
N8K3UmdFayN5bD0DhUyZ,3,will-gpt4-be-released-before-march
NIWSQROI4AFOMepWzcmy,0,planecrash-will-belmarniss-have-any
YeQidcr1q8SeMKdamus4,10,who-orchestrated-jfks-assassination
fu21p5BIGWCMXwFpk3Rq,9,23-will-donald-trump-get-indicted-o
5S3AApt7AYNMYmdDFaq0,12,will-a-nuclear-weapon-be-detonated-b71e74f6a8e4
xkbrPg1hBmOQcvnKLu40,2,how-much-will-barbenheimer-make-in
Xcj5t9zcksNnrfDBF75B,16,who-will-be-the-first-person-or-gro
d7Lat25DQw0b0Hmh1Mit,0,next-two-months-does-he-finish-fact
etka6V8IgKYg9AGQdJrv,-1,will-lex-fridman-interview-vladimir-0cc5888760ac
JLNUN540nn4lYj6ImKKV,12,8-will-a-nuclear-weapon-be-detonate
9shBHEjRilDD7TwsuClZ,0,will-destiny-reach-600k-subscribers-f4af7ec9bbed
9SrLDYflNCm8gRhnENGA,1,who-will-be-the-republican-presiden-f919d704855c
gWpv2r2278LqkOVgYcEB,15,leagues-season-4-who-will-survive-i
6Mbxuu6YkcvC2NmvUcBJ,1,will-ron-desantis-be-the-2024-repub
CAgwteNEO9lN7K3N7Bjo,-1,who-will-win-wimbledon-male-singles
fJz4D1WsHgDmpB26AzO4,-1,current-bitcoin-price
EygA0P2reULSDzKiIkXF,3,will-ai-outcompete-best-humans-in-c-c91105439712
a6R5Ihyf8uJ9dxt0K5BS,-1,who-will-place-1st-in-masters-leagu
GWPeaRStAN4NqwEuS6Ic,16,will-we-have-the-first-roomtemperat
JRzyleybZUTR8GHXs7ug,1,will-either-joe-biden-or-donald-tru
xmXSWZrhg24pWGrBL4rd,0,will-destiny-post-a-video-in-januar
7hBL43KYwmoSeceZclSV,-1,who-is-the-top-trader-on-manifold-a
gCfymOFu30aaK22rUVqd,-1,how-many-matches-will-djokovic-win
cAm8teiLI3YtT0rkR6Mr,-1,manifold-haiku-which-word-comes-aft
BcJbQTDX1rdmaLYGKUOz,3,will-an-ai-get-gold-on-any-internat
0wlu71Dx7Z9KC5pLSk2d,3,will-a-prompt-that-enables-gpt4-to
CImI7JWS3X6xQjJZPKKo,3,will-ai-wipe-out-humanity-before-th-6d1e8126d974
YvVqSYEdyiYn7Mdj4oCc,3,will-ai-be-a-major-topic-during-the
5IsADopY5vCfms3Lsbq1,-1,who-will-win-antagonist-of-the-year
NIQlBaP3fDuQ7VGjmidd,12,will-a-nuclear-weapon-be-detonated-af0ba4d66245
TiUdxGs8Qx6Tgagb2vW1,3,will-gpt4-have-over-1-trillion-para
C0Elg8tcJALYHDRKnH57,-1,what-will-be-the-ratio-of-barbies-d
paIE1N2MQoF0wpKjmFzh,16,is-the-room-temperature-superconduc
OINLeUW7vQMU58j2indn,-1,how-many-signups-will-threads-have
kH3jZZVhq6g0QBHjvRqg,-1,manifold-may-showcase-which-markets
b98of9WhXy0dJzhZlZah,-1,will-erdogan-win-the-2023-turkish-p
aZn4kn9dIv5wjQSbVzdk,-1,current-apple-market-cap-in-b-perma
iew0lloCfGQai0JV34X5,12,will-a-nuclear-weapon-be-detonated-41dfff460cab
WY3xb9n0BBZ3DAkPc8Az,0,will-the-nick-fuentes-bridge-be-rec
uTcBeWZR7fQ9hwOERI2l,1,which-counties-in-washington-will-t
kmsC5UZAxBpj1QXDVxcr,4,will-elon-musk-buy-twitter-this-yea
3a9YMOnlZi3NOoiEhGNy,1,will-dan-win-the-boty-buddy-of-the
ZPqP5AsMwEkbrj5kpXVT,7,17-at-the-end-of-2023-will-predicti
6caU1Z2qBNtNdmhkAu1y,2,am-i-pretty
Ua0kzjbcBjwSySES4hYt,1,will-donald-trump-win-the-2024-us-p
msPU5gY5s5LOZhJWDzmS,2,each-choice-on-this-market-will-res-e677d588eab9
ZZcEvpuJtr6YEXfyaKbs,11,who-will-win-the-queen-of-the-mount
YBxwKfe5eY2Ynw1ACGYI,2,will-sbf-plead-guilty
bZ2zLI5hSnrsAvMUP8nI,3,will-the-will-there-be-another-lett
7VRWSwC8iqfFt2MWAxkS,-1,who-will-promote-to-masters-from-di
DreezzZ09K5d4ee1E64l,4,will-elon-musk-step-down-from-being
7EKcAT8ULPgQO1EqR4nv,0,will-destiny-finish-factorio-in-the
DXj8aKV4P4JCRx918yeA,1,will-dr-oz-be-elected-to-the-us-sen
xYRoSpdVGD5TzHCYiw7C,4,will-elon-musk-be-twitters-ceo-thro
6RyOm66ek1SyMj7le40t,2,will-this-markets-probability-be-at
A319ydGB1B7f4PMOROL3,3,in-2028-will-an-ai-be-able-to-gener
QjJUWZk331CuSSO8J2y0,-1,will-china-reach-100000-daily-covid
rU68foE9DivkE8WsjzC7,1,will-the-gop-control-the-us-senate
SsAdHNNaI9hRRMe1XqgG,1,will-donald-trump-win-the-2024-pres
SmzyKeC8zlLszuH39Tw5,-1,will-google-search-include-a-chatbo-ccc13e521ab6
iMo8p1Mo7eq5xgof9SGm,15,leagues-s2-diamond-aggressive-greml-e45296e02d1d
8XfRIOfakDQPR5T0Tpms,4,will-donald-trump-tweet-once-in-202
vJ4QYaOfNdxbhAXcCRPa,-1,will-the-whales-vs-minnows-market-r
FdJuSdH2sMvRd1cNACV9,3,will-there-be-another-wellrecognize
NEpTIkMlf9EZY9PBTyB3,-1,arbitrary-arbitrage-market-1-out-of
6dXuwlg3D1cZzgjrx3R7,-1,will-eliezer-yudkowsky-write-a-twee
Dyb52N1bIvShBWOrS0Yu,-1,in-what-range-will-btc-close-at-on
gKuI8RHSOxAuzZqPiAp8,5,what-nba-team-will-have-the-most-re
BGuVWAvADayenPOl0r9g,2,will-this-markets-value-ever-hit-10
AW2L8BZFlPlvpXOmDkkF,-1,how-many-traders-is-this-market-goi
u1wRqeN0FqWtel4oIrEx,-1,china-officially-abandons-covid-zer
Zj5agn5qrD9Qsz4k80EW,6,will-the-us-and-germany-both-send-t
4MkPyu5D9MRLPREODSD7,7,did-covid19-come-from-a-laboratory
ECA6jGSGvozWX2WTOUPC,7,14-will-there-be-more-than-25-milli
6Hdcbw4ClJstVRKpkOli,6,will-ukraine-recapture-the-city-of
mKuKAAsV3OCAEnhPwTCp,10,will-vladimir-putin-still-be-the-le
u99DSpH8GfD83UEpEYvt,0,will-destiny-reach-609k-subscribers
VlmLDw9qjQLNtcYESAyb,-1,will-barbies-achieve-90-or-higher-o
c838Eam4S0SXU6B7z8Ut,0,will-destiny-reach-600k-subscribers-99e4d1352f37
PmneW8MckKzKLUPmZvkI,14,who-will-win-the-tournament-8-bambe
UHnT1eQTCQO14dnJjlYB,-1,what-is-the-second-word-in-a-succes
DdpRHQrL4BzhCwdKBgtr,5,which-team-will-win-the-202223-nba
f7ILZzgjkTpYuHwdhHY2,4,donald-trumps-return-on-twitter-wil-27dcf6a68db5
GJTLnS8ItArmLg6tZF6z,2,antiwhale-aktion-will-isaac-kings-w
qsndtS2SUWsdu7KGQl0A,2,will-hans-niemann-be-officially-fou
B4R9ypoxIYoiPpbTUa6z,-1,is-levi-hmys
1IBrgJ6IlwBIaJ7xdQ5c,-1,current-microsoft-market-cap-in-b-p
Ba3JaDnQVGTDyFREyinZ,6,will-russia-control-bakhmut-by-apri
inH7cXD3p4vJoXyQNXvM,0,lex-fridmans-podcast-episode-with-d
mm3Sve91tUzQ1G39ZxTq,0,will-destiny-talk-with-lav-on-strea
Pj1zROfk0A3TLuhiyFaQ,-1,will-china-invade-taiwan-in-2022
Qqsym26PSqOdIRDi9t9j,2,will-there-be-10000-trades-on-this
lm9I9rJ2CHBQsyPo5vcY,16,will-a-roomtemperature-atmospheric
xTMnUHNSZF0pxDIsE5Se,9,by-the-end-of-2023-will-substantial
U2Xgp60MLjLVmoNt3DRo,0,will-destiny-reach-610k-subscribers-f6cf1c1a7f11
EAskhd2AEqJAztngb4kz,14,who-will-win-the-2023-leagues-cup
ikSUiiNS8MwAI75RwEJf,1,who-will-win-the-2024-us-presidenti-8c1c8b2f8964
TR1IlkXbrJ7a8iCJGD8u,6,will-ukraine-sever-the-land-bridge
pZ4YeVjHyvfYPhZATvR7,1,will-donald-trump-announce-he-is-ru
QKFpHGWpxEpnIo87Nr94,19,will-sweden-join-nato-before-2024
nOXCmJFNsLx08PjOc4Qk,3,in-2028-will-ai-be-at-least-as-big
kE3s25Im16P5lcnjWOgh,16,will-the-roomtemperature-supercondu
NuWjKNfEizJPlYIsgNcG,0,will-the-game-hogwarts-legacy-get-m
oEz12tul7VVlSKwyQ55j,2,will-this-market-be-in-the-interval
RnzTxpnUSsbfPG8Ec6BO,-1,current-alphabet-google-market-cap
v27j5DnDz6FWvFg2FNm4,13,who-will-be-the-top-4-of-20232024-p
wpMhiT8ZpOTR529Mcje4,0,will-destiny-start-a-league-of-lege
CSEZwm9wEO2GSSfH663T,2,binance-collapses-before-the-end-of
2kIiHFTnkp5taBAnp6yc,9,when-will-trump-be-imprisoned
1I36ipUdZIdhC77ZMzDl,1,will-kevin-mccarthy-be-the-next-spe
WP0aQ1g9GWSrN9w6nw9D,15,what-will-be-my-final-rank-within-d
VTY2rqrdgjCqKRjEX7YG,8,which-country-will-win-the-2022-fif
1bevxI1liAskJCxE3TJh,4,when-will-twitter-actually-collapse
nW74kbNNfmv76ndrFSdS,1,will-john-fetterman-win-the-pennsyl
ygSA3CPXGY5NMyDYoYmA,0,will-destiny-be-ranked-grand-master
o9NkCaQUzNqQGM2ffXit,12,will-any-nuclear-weapon-be-detonate
Y78omdm66Mp2qj7JNKOH,3,will-neuralink-implant-a-chip-in-a
fsQWYOrvTkLibgAKjsSa,17,will-jimmy-carter-still-be-alive-by-0848d7a16d07
ieIbqFDlQlnKh7PKAQT1,2,the-answers-are-boolean-variables-w
muMNVyixYmDXq2d1FwbZ,1,who-will-win-the-us-2024-democratic
onMAJ1OtuHSRdIXwxW2p,-1,will-2023-be-the-hottest-year-on-re
4BcogKpEWa3xHc2VgDQG,3,will-gpt4-be-a-dense-model
JIE3b4eZqQHlQ23ugQzc,5,will-the-boston-celtics-win-the-fin
PuaKfkf8TWhy18blwGc3,17,will-jimmy-carter-be-alive-on-june
cBm7e6asIOHO1wHSn8ez,1,who-will-be-the-republican-presiden-7bf11c066154
zNwOdAwGvkACjtMCaSBv,2,when-will-the-human-population-drop
KvNCRMSJLvwRYT0OmcAk,1,will-joe-biden-be-reelected-in-2024
rhQYVU0QlJWOdXTAv32M,0,will-destiny-and-melina-get-divorce
5ID3Jppfsrk0khjFg0RU,2,will-manifold-hit-10000-active-user-e999d9083a8f
qy4Pujoc7k2G03cb7Vnh,-1,current-amazon-market-cap-in-b-perm
x2e7wqcGvSX57YCaKJ5M,4,will-twitter-suffer-a-major-outage
F5a6DluE9xI5ToEU7NxX,0,will-destiny-stream-hogwarts-legacy
XsGwFaKdCPSy5zRJ54Jj,3,what-will-be-the-first-year-that-an
S2nlPtWWBMT3wDy6L56Y,0,will-keffals-publicly-apologize-to
XNVdtrFIbQvcNhGXueGl,1,will-donald-trump-be-the-2024-repub
CxGwM1NZ8A91OFCQAJKi,-1,will-sbf-return-to-the-us-by-the-en
4eSUQyVX5UH0y1QqRlQM,3,will-there-be-realistic-ai-generate
2nrXyUBPqxYGMj9Na2r4,11,how-many-matches-will-alcaraz-win-a
w62AOypqlCf2UE4jyZfZ,3,what-will-be-the-gold-medal-cutoff
3XN17HvygPDpMznLeMsb,2,will-the-market-resolve-yes
QtiuewAO21ZCCScIh4Iv,3,what-will-be-the-bronze-medal-cutof
DyWQzCTTlssqFl2EMho0,2,will-a-single-shooting-incident-kil
qezMNqrQqmfF9nxGosnf,18,who-will-win-manifold-plays-poker
JetNCOdTpcm4LzrkJqeY,-1,will-arsenal-win-the-premier-league
78pAzPyBqJf11Pietz0R,0,will-destiny-post-a-video-in-februa-857cf91900cb
248t0u45GbdaQpAuDOZ2,16,will-the-lk99-room-temp-ambient-pre-17fc7cb7a2a0
QkCtxZOcLtJe8q2vrs7s,-1,will-erdogan-win-the-2023-turkish-p-8691b1f6a772
vlOBuPVOa7MkXvIGQPCO,11,how-many-riders-will-wear-the-yello
KtZKCyLpbzEn8QOtuxQd,1,will-jair-bolsonaro-be-reelected-pr
Q53GZWACqm9LxQMv0FiQ,3,is-bings-chatbot-gpt4
z9SYiQzQKr9ZrYnGqNyA,1,will-raphael-warnock-be-reelected-t
aFHCm6eRXqlLZkQQb1Ho,0,will-destiny-redye-his-blue-hair-ye
jGdOLIVWI5ktZstPn2tQ,1,will-the-republican-nominee-be-eith
pbGWQwKULxS4dAzAOdFg,5,sport-2023-celtics-win-nba-finals
bEOGXdJjS4ld48XDMAqy,7,40-will-spacexs-starship-reach-orbi
hogjwpLGGp1f4ETNSjfC,10,vladimir-putin-will-still-be-presid
kqp3H7OucZV34H1NMRrO,-1,who-will-win-the-2022-nobel-prize-i-06567845b79f
oyPzvLJhPLwKbfBrmPUL,13,will-manchester-city-win-the-premie
e8jReMN0PAcICzSsXZe0,0,will-destiny-still-have-blue-hair-o
Hb1ObYB1ONHzFFNLacMR,3,by-the-end-of-2026-will-we-have-tra
nAuWvKA0ez4faRYVHV5z,1,will-joe-biden-seek-a-second-term-i
CnUPcXOO1oWtugSWAZuZ,-1,will-mrgirls-investigation-conclude
EWMNpKfuADYZDw4NoOtS,2,how-long-will-rplace-last
m5U1v7c9KElMeeFnY6DW,1,will-a-democrat-win-the-2022-us-sen
jHYXAYuJmXqHKlekDq4Z,3,what-will-be-the-silver-medal-cutof
YwDaKnx2QUU1P1ogMx7l,3,will-a-text-prompt-based-ai-music-g
H8pfYi1AeXKPdQQxEvYW,4,will-tiktok-be-banned-in-the-us-or
3xJlQzzYVMqTSN3xZvBC,4,what-will-the-biggest-twitterlike-a
de1n5TmSe2VdmyCHid6D,-1,who-will-make-it-to-the-mens-single
evK7aAHzkCWn9JfJOx99,12,will-north-korea-conduct-a-nuclear-36f06f22f954
i3de5CE4h6u8UPxkWhXF,6,will-russia-launch-a-military-attac
3ncDd8B8RKHLwAbOh5ho,-1,how-many-steps-can-i-take-in-a-24ho
DuD07jj704tyHCtcqFI1,-1,manifold-haiku-which-word-comes-aft-9b744265bc44
sJnxqZZWl88OEPxbdXwX,-1,will-this-yudkowsky-tweet-hold-up
lnCtJwIgkzz5hf9lJhPt,1,will-a-republican-win-the-2022-ariz
gx4KLFk9TC2vYImzaP6P,5,when-will-season-3s-random-closing
yIwmeSCEvJM2grTKCnZp,-1,m1000-subsidy-who-are-the-14-most-i-11d2d1d658bd
651bllqzv9oYr7IDwLdr,-1,will-bitcoin-close-the-year-above-1
XwTjyzWA9eFJta2TiwLh,4,will-omnidestiny-get-unbanned-from
uka3KvS89TlRyHgRQ1Tp,9,will-trump-be-indicted-by-march-31-4c8adb0a72fa
SZQH87RNsqa1kplkPn5F,-1,will-either-man-back-out-of-the-elo
iHsGfgyZfexXnkgHubtM,13,will-manchester-city-win-the-premie-c99281ee9be4
5eAXDA98XwOsTwQqVNyS,-1,this-market-resolves-yes-when-an-ar
Ps6ptYRid0kvK3tDvJ1b,1,will-blake-masters-win-the-arizona
nO6C7bM5aQm8nWH5rgKg,9,will-donald-trump-be-indicted-for-a
AIKDx21A7UWLqNvjil5m,2,will-we-have-a-speaker-of-the-house
MCgukDx7QRzehF2uoy8k,3,will-ai-agents-be-used-to-develop-s
bsrIiwjW0NbHxDKDhygU,1,will-rafael-warnock-win-the-senate
aCOh9TqCYAxSxzVwjyuc,10,if-ukraine-recaptures-cherson-in-20-abc72a4594fc
n1qLozVI40L566NDNOW0,14,super-bowl-lviii-2024
tS85Pp65vJHwDTfbvuvU,0,who-wins-episode-6-of-kick-or-keep
cxdi2amEVJeMkIC8PxWB,12,will-a-nuclear-weapon-be-detonated-5b3361923e29
C8DKb94Kh7dGRm2IRWN1,-1,will-apple-release-an-ar-headset-in
AQTHVGO9BJUqtGSYINSl,19,11-will-any-new-country-join-nato-i
TbJ60QQohdwKGO37UTbZ,8,will-france-eliminate-england-at-th
VN1RfimX7PJUnHhYNDiF,3,will-the-leftright-culture-war-come
UNaE54EweswtuQu9Ayvd,1,will-a-democrat-win-the-2022-us-sen-3d2432ba6d79
12zE2bkjPKl9GZLzmiBd,-1,will-texas-have-blackouts-this-wint
l2Pci4rwD2S50eFGZiCj,18,is-the-probability-of-dying-in-the
nN1KPuTtEfncqvjuY1FQ,11,who-will-win-the-polka-dot-climber
eGkG9eNua53vdtq70eoX,0,will-destiny-publish-a-manifesto-in
Y4vhREX7KDcmTNK8isPl,1,will-lula-da-silva-win-the-2022-bra-897543938207
RPOZPYwVja9q2lF9Qyxo,9,will-trump-be-indicted-but-not-arre
1sQFF7liE5Iw5ePbH3GM,17,will-jimmy-carter-become-a-centenar
E8gvaSQgJCiqdP3RAtIP,0,will-n99m-rejoin-our-groupchat-by-t
CfYcp3NjOb5GzMAqYErz,9,will-donald-trump-be-charged-with-v
0GswU1qy80Sk1UogWuKR,3,if-artificial-general-intelligence
DNzubF32XlM12HyZBRpF,-1,will-biden-be-president-on-915-reso
tbPBj3qDZ2RuMezy3VWX,-1,44-will-google-meta-amazon-or-apple
v2B2bNMKHeFikYqwZ4w6,1,will-ron-desantis-be-the-republican
xtPMdE35FyiaQDvOMAeV,1,will-the-gop-control-the-us-house-o
A3gaE5R2cseAria4zANR,0,will-destiny-still-be-playing-facto
agCipvhIjNz4AKiSIono,19,international-affairs-2023-turkey-a
g5Rxd6IIczt7p8NZtTuw,2,current-ethereum-price
YX9ZjC9te9W7dX3vp4o9,-1,what-happened-to-the-titan-sub-afte
8G4kqCsdh1KbDdIFga5x,1,will-recep-tayyip-erdogan-be-reelec
T6KCGyNA2s8hZqZn3qIL,2,will-catnee-still-be-the-1-alltime
KcJqzpvFHP9g8XR90Sxr,11,who-will-win-the-2023-tour-de-franc-5701e4c2ac41
Qjg5VGJG0Qc34eu8CXTu,-1,now-that-ive-reached-my-goal-will-i
Hm1I4w00r6wQ0KPWHE7j,0,will-destiny-finish-factorio-by-feb
PkROncBBtV79XWyEcfC7,4,will-elon-musk-be-teslas-ceo-throug
AQZwx0IyMHJOLBEZ9BEc,6,will-the-ukraine-take-back-kherson
CWR0Ee1nLkS8DXXjJsFo,2,will-manifold-hit-10000-active-user-1094099de567
6KnwKcgj2VaP9lo3TMWt,2,disguisedtoast-pointcrow
kg6Z6RTUMxC9CN6lkb4C,1,will-ron-desantis-be-the-winner-of-e2599c73554e
7GJmdx2kAsqTiusZWppI,7,6-will-the-kerch-bridge-be-destroye
ZjVi7fvnhEzsnjVBv0Dp,0,will-destiny-be-on-the-joe-rogan-ex
VUSNnETunceeVTN5pwe8,2,will-the-sum-of-shares-on-any-marke-99ccfd2db099
8K5f7ghxQIp4r1QeDsso,13,who-will-win-the-premier-league-202
5EwP8yy82jKdVcc9vE36,11,will-ian-nepomniachtchi-be-the-2023
OUQTxX5ep3HUdwN0WPUs,5,will-the-2-boston-celtics-win-the-2
tRGa3mEmOL7fjF0Saaif,6,will-ukrainian-government-accept-a
ce2kAWoN5Le4bjNuBkdG,5,when-will-season-2s-random-closing
zlbeDYz7J1cyRwZ4D0bS,4,will-donald-trumps-twitter-account
tWfKiLQ1vFIliuEz2Gmp,0,will-destiny-sue-lav
YZZEGvg31yC1SPkjCYhl,7,will-there-be-84000-confirmed-cases
b3NsNbKnjmLLBpcywBO4,17,will-jimmy-carter-be-alive-on-the-4
ohl4qJNxNY4e6Y2p6bXf,4,will-destinys-twitter-account-theom
spvzaBkSwRjC78werlPy,-1,belenkaya-botez
dRdXZtj8UXiXxkoF2rXE,9,sbf-convicted-of-a-felony-before-20
S877GJ9772P7Gj38SKKQ,6,will-the-wagner-group-stop-operatin-ad2bc1b87277
t5iQaxpoluJ0yXsDqk9q,11,formula-1-belgian-grand-prix-which
mpv37fxnCvLFPSL9lFmj,8,who-will-win-the-2023-fiba-mens-wor
o74Up289bg66Bm2ivbWz,2,each-choice-on-this-market-will-res
gcYnnl4R2A0yBp0ARFM7,1,will-ron-desantis-be-the-2024-repub-97d60c81ffe2
EAt51eS8hcW6h9xcYFSQ,5,will-the-denver-nuggets-win-the-fin
bGNob53OQtQSenyoKbXj,2,which-countrys-flag-will-be-the-lar
um9QoVUNVXaA2T7NRwDI,0,will-rachelweinberg-marry-me
2fTX4OadswNdugqgo8zP,3,will-ai-wipe-out-humanity-before-th-6e8e547afa66
tV8TUnUEXherIZzyoywQ,16,will-the-lk99-room-temp-ambient-pre-a3f48bd3c4a8
rctqd0ZaxeeiHP93VP5n,16,will-the-room-temp-superconductor-p
pI4LsxPEGl5sFGzHOpVa,18,manifold-plays-poker-who-will-win-h-af2d360ab4a7
qmNrSaQ7VKuu9CMpITEx,5,will-the-2-boston-celtics-win-game-62777384ac40
Z7gmcmOujRkwtP85uoUg,13,will-manchester-city-win-the-2223-p
aA77t4nhkpBhjIs4dWeH,4,will-there-be-a-ups-workers-strike
Qds0v6iSGUAlwTdNbfg0,0,will-destiny-hit-a-930-on-got-rythm
VwPwZ4eT4gvUg08rP3tb,-1,this-market-will-resolve-in-order-t
Co048SXT8rsBoeVkJMWf,12,will-a-nuclear-weapon-be-launched-i
2imjJDVRzwjqt4oHQLwx,5,will-the-2-boston-celtics-win-their-4a69302869a3
6B9uGk7ghkGk6uMEQfym,-1,will-the-us-economy-grow-in-2023
KU3Zv8dkeljRb0cyCHRc,-1,will-anyone-earn-m1000000-1-million
6dMinXYxX6tEQTLV8UGv,-1,who-will-win-super-bowl-lvii
YMDIKDDCuz2IQUvB0uQY,5,will-the-boston-celtics-make-the-fi
ixDhLuu8EJmC4OQQwRyq,9,will-donald-trump-be-convicted-of-a-99e01f724b3f
HmbOApqNnndHqpCoc7N6,-1,will-lula-da-silva-win-the-2022-bra
lZjF78oclptP8zEMhrq2,5,will-the-2-boston-celtics-defeat-th-81301ad7fffe
ONU3bPMTyw787PT4n0C5,9,will-the-effective-altruism-movemen-ccc7088738a4
VPVaHZ3S3P0uh33nZYYD,2,what-will-the-final-color-be-at-0-0
ZitCaKG82INr7ABgiPsk,14,who-will-be-the-nba-mvp-2023-regula
UTNIaUBUr60Sh2zE2EVe,-1,will-the-fed-cut-rates-in-2023
wiz4XJ42FrJzMN3gjpAT,9,will-trump-be-indicted-by-march-31
T5peleFKczlNTvfRuFbX,4,will-elon-step-down-as-head-of-twit-2e167c2d6adb
DSgSiQHr1l5cwC20Ao30,4,will-elon-musk-step-down-from-being-10664c6dcb9a
otwA0sVjQncQJokWdzjU,2,will-anyone-draw-something-recogniz
5ZwiaRctyYdGPYPftsBA,-1,5-will-there-be-a-lasting-ceasefire
62beEAYnHvnQaE1e0ZBG,4,when-will-the-zuckerberg-vs-musk-fi
LCGP66NqO6S1xCIRKt0w,6,how-will-the-ukrainerussia-border-l
STsLXY6al3EUlDSz46zg,3,will-an-ai-system-be-known-to-have
NmFoJ2UzEeMi5Sd4rokJ,16,what-is-lk99
JAi0Fme4Evjo8542ArS2,1,will-joe-biden-win-the-2024-us-pres-8952413770dd
69D7abJaaEexCxQ2BOZB,-1,will-the-us-debt-ceiling-be-raised-4dfbab873f7b
upAqIZNRqIah2lliB4yH,15,which-will-be-the-hardest-diamond-l
TpD3R0E9ucPPJRXcOmTf,7,18-at-the-end-of-2023-will-predicti
YlYHF2SjXjl7VaRAwlII,3,will-gpt4-be-announced-before-march
MYB5zfMPRY5EJd7CE0ib,9,will-trump-be-indicted-before-he-an
mDwbJO3LviG4eag65be2,-1,will-china-supply-arms-to-russia-in
qJTJAf9vafBmAbwnmiKI,10,will-yevgeny-prigozhin-be-killed-du
kql3ogSCS1okV61CjylQ,5,will-the-2-boston-celtics-win-game-572fb755487f
6mqHY6JUVhiW5y3zX8nx,9,will-trump-be-charged-by-the-doj-fo
kuYsaRmWA2GRZmQo7buW,6,will-russia-control-western-bakhmut-a81cb58414ec
m4PZ1ChlcfgGeXShoxYz,-1,will-bitcoin-reach-10k-before-it-re
KbYlP1q6SkK4lxPqZid3,16,will-the-first-roomtemperature-ambi
Cd6GWDXg7hwpwWVMOdra,6,is-a-natoaligned-or-antirussian-ent
mfON3jpmL8xQXHFt9MXd,10,will-vladimir-putin-die-in-any-way
MslrlWmdpFiL2RUWqVDr,-1,will-kurzgesagt-release-a-video-on
LMIdQsEsTvhZm5lYDgN6,14,who-will-win-the-2023-rugby-world-c
OUf9Ya5ZomERD82qogmA,-1,will-our-forecasting-workshop-get-t
FjvZhtwYBFTmXnUZ1VS0,11,who-will-have-the-yellow-jersey-aft
Aa9wlJFq6C6lb5PyK5Gk,2,this-market-resolves-as-yes-if-some
hfiVAGXOgNxAL7CIDR2K,-1,pepe-vs-yee-1-day-only-a23d29f820e3
HrcBe8qJq4AoxlXzZk1k,-1,who-will-be-the-administrator-of-th
djcZX2zVIhcs3mPWrdru,13,will-liverpool-fc-qualify-for-the-2
1ldpQ9PMeg4fWFUXUYVE,19,will-any-new-country-become-members
7e832EAkMPbnJJBbUjma,2,red-or-blue-podium
hFLDmttQUsttd1M2AaqJ,0,will-destiny-reach-617k-subscribers
ScE9Tn8eY25pSSu2bMwm,3,if-artificial-general-intelligence-669e44ca740e
MDDXm79o1EM6hSkocNjZ,2,is-at-least-one-of-the-brothers-goi
cIM4UT5j7E6mfNMnELjE,1,will-ron-desantis-announce-he-is-se
aRmloWbL2AcEx8YIVFVr,-1,biden-quiescence
NXJrtsCYyn571Jb0lfFV,0,will-destiny-and-dan-have-an-episod
Km5eQAb3iwhvr1AKQs85,4,will-elon-musk-name-a-new-noninteri
UvlXcPScQ9Ddtr7llnB1,7,38-will-any-faang-or-musk-company-a
jc8sU0IVJHGfYsCo10sk,2,will-manifold-hit-2022-active-daily-66e8cb67108c
CtIkjtoAUf2DKUB3J6D7,3,will-there-have-been-a-noticeable-s
ZQ7Kg7mWef45ZbvVDxL1,18,who-will-win-the-ce-2023-top-ideas
5L9JfPFjjy3RaqjXGQG6,17,will-jimmy-carter-be-alive-on-octob
v5PoY2cQqKiBilEqqsMs,1,the-supreme-court-will-rule-that-af
ScCXu88f2NtXQkGY3oUC,3,humanity-starts-interfacing-with-al
ZvniYi4y5VFgrl22Ge0V,8,will-argentina-win-the-2022-fifa-wo
DT4DTti6zU8J2eLaIzJz,1,will-the-next-speaker-of-the-house-6343de212294
LhX5FOZNhVvaI79gtvni,3,will-there-be-a-new-human-moon-land
uUpkhDS3LA3zrXrZvF76,3,were-any-of-the-covid19-vaccines-de
EbnyY64ewiARG79M8kYD,1,result-of-spains-general-election-o
nNfsslDRrFq0eG1t9h8a,18,manifold-plays-poker-hand-bets-hand
l3sjYYBxTOhL7KzxuaDW,0,will-destiny-still-have-blue-hair-a-efd9fa5136bf
IYLNuRnbNLN5abWTzn2b,12,will-north-korea-conduct-a-nuclear-422f66ae0107
llz0P9wKlDjtQnjFSgrm,-1,will-firstuserhere-be-trustworthyis
PagaYqkHVApEoDfB726g,2,will-there-be-at-least-3-more-peopl
hcSVHgcO6D7gvKVkRN1F,14,which-team-will-win-super-bowl-lvii
PFb2gHOLFjqR0ElLm1lO,0,how-many-views-will-the-goddess-of
GLausyWsRnJarLwQXSjB,7,will-a-cell-cultured-meat-product-b
X1Yz7ipF4zkLuLkHtPeK,1,will-democrats-lose-their-majoritie
lRpQxXsAhKHC6AkSLO29,1,will-joe-biden-win-the-2024-preside
9YS2dxb0Wu4foljYFvks,1,will-the-next-speaker-of-the-house-e36e7e54da5e
PNVVTlruggno0Yw5tjVS,1,will-kamala-harris-be-the-democrati
ExnULOc9tyWcz6vohnv7,5,will-the-2-boston-celtics-defeat-th
aNHGE4mlVvSwIUhRZdgr,8,what-countries-will-make-it-to-the
k0DiGyhP90WQ8caILdNL,1,will-the-democrats-control-the-sena
R9eEvRSj3A8kf8bRWL05,8,will-argentina-win-the-final-of-the
JjvfXr6ephkckOoA8JFK,0,will-destiny-still-have-blue-hair-a
ch8g2PAVIuVGSQU4F2iy,-1,will-chinas-covid-zero-policy-end-i
8TxGLIig9qYBpHOQyEFb,12,will-a-major-nuclear-power-plant-in
TI5RP7h4GujKmJu20Q5b,5,will-the-1-denver-nuggets-win-game-a1be663e51eb
pUnEyRk1hIYHmXfgmJAb,0,will-ftx-arena-change-its-name-by-t
sOQRZptvtPhRow8ETc1h,6,when-will-ukraine-regain-control-of
RzqOof778k8dhENXLu4U,2,how-many-traders-will-this-question-bf855ed262c5
juVDE3VdITxUUpl9jWAI,13,which-team-will-win-the-202223-uefa
F3mAhXxghUzTUV2FE3qE,-1,max-lav-duo-stock-1-month
hLJ5q3sT7T4hYTXrH4vM,17,will-jimmy-carter-be-alive-on-april
6KCxbFq5uRVAGQyOeC5N,-1,will-biden-be-president-on-october
C4y3Q4AFTVuGP8S0LJ9J,1,will-kevin-mccarthy-be-next-speaker
ylIXgDeMDCYkltnmAlpZ,1,will-a-democrat-win-the-2024-us-pre
SnkRWXAH5IabsGM81oao,10,will-putin-be-overthrown-during-202
PVHiK4B9LF8KgS2kJA6h,2,how-many-traders-will-this-question
IJilwdlpGe27QLGsNPie,1,will-joe-biden-run-for-president-in
tHvkPESY1PNWlZfXEpRE,0,will-destiny-reach-610k-subscribers
wnbLPloupPvlQXTwaI7K,-1,will-the-mad-investor-chaos-thread
LFhN8fRJ5iTFrhMYiQUI,-1,will-we-fund-braininspired-agi
xJMhW9EEyhHShyRXTp3G,-1,will-this-yudkowsky-tweet-hold-up-2
k973FuDxNk72Ht2ZIYvx,13,which-team-will-win-the-uefa-europa
XZCgR2mMOCkmoJuFaEg9,4,will-elon-musk-be-the-richest-man-i-7f9a0ec3e42e
VPtZGkentpCWXGKKjE1Y,5,during-which-week-will-the-tontine
EDzQtD9AWThRLAyrT94c,4,will-elon-abide-by-the-results-of-h
GVFdxhd6txdhmPBmsrXV,2,price-of-bitcoin-at-the-end-of-2024
dV6LqKmb34LFpoh7qBxo,10,will-russia-begin-a-new-wave-of-mob
TqYn24yPSNHi7YaiwAwU,-1,will-oppenheimer-and-barbie-perform
rQY95pddmlLrPmt4ebPO,11,will-primoz-roglic-start-the-2023-t
JsLXRn51ceGNLGnXgZTP,4,has-robin-hanson-ever-pooped-himsel
C8MtRn2ixX8Y0rV2Oqcy,3,will-openai-hint-at-or-claim-to-hav
sAXXjBtMrZ9cR6nawUq2,7,will-sp-500-increase-in-may-2023
tcL6FkTBwbXZMG9Lyr4t,0,who-wins-kick-or-keep-episode-9
skOczsGCpLFvjjsxqvWm,-1,will-there-be-a-us-government-shutd
o4vzcfiLxrfqaYKRVuIu,-1,will-mrgirl-release-his-article-bef-6b67915e7894
YcgzoagwCV5K3B6zeqci,4,will-destiny-get-unbanned-on-twitch-9e3175d62333
JxcpJTGSurSdSMlFxYhL,4,will-threads-have-more-daily-active
olazguKkjqWvgn7vp6nD,1,will-neither-desantis-nor-trump-be
vTq9HHRIc6PlE99lfwOU,-1,will-credit-suisse-declare-bankrupt
kaij5D26S0XDhdHKFLQC,-1,will-openai-release-a-search-engine
JAEwyrjHe1QwxtiPxGpM,10,will-there-be-an-serious-coup-attem
1vpUNyW6bHtxVzHB2ex6,8,will-argentina-eliminate-netherland
EnosctgStoyrnI3BqjEw,1,will-a-democrat-win-the-2022-us-sen-d1f1d2727b34
YFm9Va8cYKzB3gYy5OCJ,8,will-germany-make-it-out-of-the-gro
uuSahXy8BYEfjBXGnpQn,-1,will-andrew-mccalip-demonstrate-the
iB3b9osJbSyJEnZFIByC,2,will-destiny-screamyell-in-this-deb
TgZIVWnIvRw1ApPe0nuy,3,what-will-be-the-year-that-the-imo
bY7teJbG37L9ale1IQ4m,2,by-2030-will-there-be-a-cure-to-agi
fjWUTZHVcxh31Fh1bLQN,1,democrats-lose-both-houses-of-congr
cOEilIxPRDYIiZ4Dii9E,3,will-gpt4-be-multimodal
b6CNY3I9V03qBlbifHQS,-1,which-team-will-win-the-2023-mlb-wo
EmHQ60f5LTZkUHPYxnDc,7,spacexs-starship-will-reach-orbit-i
vC5RU0fKtTZNPnvZg1rs,5,will-the-minnesota-timberwolves-mak
kQlebfpaUwO01pWkJzOs,3,will-anyone-very-famous-claim-to-ha
piCYYY1h20YNvGt9oPVX,14,who-will-be-the-nba-finals-mvp-2023
PU6qkjczILwnKHfMV2Yy,18,will-black-win-in-manifold-plays-ch
uSDZrfZyNbl2N1F4xXOl,-1,what-will-i-rate-barbie-out-of-5-st
1ArV4EWMwg9QIZCyYYav,0,will-i-be-on-lex-fridmans-podcast-i
LwMdlAfVeI7kxNNYxiQU,4,at-the-end-of-2023-will-twitter-be
KJRoLxQP1IGMfGiBVbzk,2,will-manifold-hit-5000-active-users-7c1681b46fd7
j5Pu1JPH8K7aTqLPURxB,0,will-scoria-die-before-christmas
AEf3fCYLiRxr3Bvth2i2,8,will-england-eliminate-france
gzGAvXgu4NuFnJyfYffW,1,lula-vai-ser-eleito-presidente-do-b
OMXPeOwcuWBhd4UbCFDD,-1,will-xqc-beat-forsen-s-minecraft-re
ATetGsOnbNH5yfbfXoKe,9,will-hunter-biden-be-indicted-befor-c928ea76a254
YkhA4ifHNhjemxJmqYJz,-1,will-the-government-of-the-islamic-4b5008c16d33
dQs7hvX8Q5LeloyyFGTP,14,which-team-will-win-the-2023-nhl-st
tPc6kRmjXfIZLlwJ5D8r,1,if-joe-biden-runs-for-the-2024-demo
rdBDy4UXIZppxOjsyear,-1,will-2023-be-the-warmest-year-on-re
u1flxrm4WPvsmE9Oiua2,-1,will-we-fund-better-debates
rEHv8m4j5VIEOZ4Kel0g,1,will-ron-desantis-be-elected-us-pre
3cBLGjcbZ2ElJkHCdDpm,3,will-ai-kill-20-of-the-human-popula
JYoWx8FRiibFGJbXFSw7,13,which-team-will-win-the-bundesliga
HX4SgWLoH0JXuRWHmV7C,6,will-russia-give-a-nuclear-ultimatu
HaBlG4pwOpdVSEMtNfKj,0,will-destiny-reach-601k-subscribers
OeFsJysKsLD9yx4M3yby,5,will-the-philadelphia-eagles-win-th
Cj6zJH4pHAYL5Azc4mmP,2,will-lex-fridman-create-a-market-on-c9e0364dbec9
FVPJjIAx81EKiUmle3rM,11,who-will-win-the-2023-tour-de-franc
JsKoWachzuHKvWhzX7nj,0,will-destiny-finish-factorio-before-42a317a7aaf9
w0q9sZbluzEzzz99jstO,4,will-twitter-fire-50-of-employees-b
VW2VQqJE5145R24WlgRO,7,will-gamestops-stock-price-still-be
eXZ8R8jqJrJkhIzIYVt6,-1,on-the-monday-before-the-election-w-b4691fe4eae2
ro79rTRUwTzGipROhK9r,10,will-putin-leave-russia-again-durin
h4UCHCvFj3mwAATfhqNE,8,will-argentina-win-the-fifa-world-c-bf4a7e33fba8
Z2yWYL3pcDbUT5R0qC46,2,will-sbf-take-a-plea-deal
UcTD6HlxMUUFY9Sr38HN,10,will-russia-declare-general-mobiliz-839d55901a6d
eE1NIuaN1fixmAP1m2WZ,4,will-elon-musk-be-the-worlds-riches
nGGDDgEmeZf8VMGZ15pS,6,will-ukraine-regain-control-of-lysy
IHY7T6MTJsspjoEs4xkW,0,who-wins-episode-7-of-kick-or-keep-606ccd7053b9
VBqdJuKoZWKTuKev2kiZ,0,will-any-of-destinys-yt-videos-publ
yY8ZjRoZcBZURR7n8qQS,4,will-trump-be-allowed-back-on-twitt
DFCmfW1IoFEEP5kmaLmp,1,will-mike-pence-run-for-president-i-fba3872c8e95
15JX1nrAmdVsiuauUpC4,3,will-the-us-government-confirm-the
cSeteuF0Zzg7XnStq2vR,4,will-twitter-unban-destiny-by-the-e
WmyFNvndpd6cMd5izJcI,-1,will-july-6th-be-the-hottest-day-in
3e6UUeOvJLrXJpFy3TN7,9,will-hunter-biden-be-indicted-befor
DwopKb9rxie3rNEqhWRr,8,will-france-eliminate-morocco-at-th-57c34cb06ac6
RKvv5gUsL9IebGF5v67i,7,31-will-the-sp-500-index-go-up-over
OVAxtPfHUYEqoUAPrQsH,4,will-elon-musk-announce-the-creatio
Y3ajaQlTZixE66z18IWv,1,will-pete-buttigieg-be-the-2024-dem
wwrHfQqoOqaKBZXKEPKJ,4,will-jake-paul-beat-tommy-fury
DvucGevaokP96TiGc3C5,-1,will-the-1m-vs-1btc-bet-between-jam
IrTGytxpRbaaTH1oxNGN,1,will-george-santos-rny-resign-from
GhmLHI78Q0JE9YFOdy6Z,5,will-the-los-angeles-lakers-make-th-8cbc520d8ca6
Uj4VpjfgWxdwwek3b9UJ,10,is-prigozhin-leading-a-coup-right-n
FcRHGUXF8fxMkZUROtdo,5,which-team-will-win-the-202223-nba-381b357cf772
ocRU79dDp6xBug3aEBb1,2,is-gpt4-a-mixture-of-experts
fPK6Zn0OeqbCCEL8YLsV,3,what-will-be-the-top3-ai-labs-in-20-6c64285972bc
7XfJgINgxl2bewrhfVnh,-1,what-is-going-to-be-the-outcome-of
R9jPgallXiZOpws2bIOT,0,will-destiny-finish-the-factorio-sp-befab0fec85e
ND353nWprvy6Neoiesix,18,manifold-plays-poker-who-will-win-h
9aMrFoAj83IJXLGuMUQY,19,will-sweden-join-nato-by-the-end-of
GOWrkz5TIqASGDSLBK8j,8,what-countries-will-make-it-to-the-79cd155ba218
GAjm1Jx47KpS3J8qRgJN,8,who-will-win-the-2022-fifa-world-cu
NFzdoVKtwFprWoqn7g1T,4,will-destiny-be-unbanned-from-twitt
4MLChi9mLtUA4ecz5tB0,17,fivethirtyeights-biden-approval-rat
trOiftXX4cy4jUUkwnTR,5,will-the-1-denver-nuggets-defeat-th-d9cd5145f04c
MutHTzJft8v53TdN5hzd,1,will-adam-laxalt-win-his-senate-rac
Zg32fIIitRhl6Yeik8E5,2,this-market-resolves-yes-unless-tra-d8a8536ea76a
cJvfVeoaPMkiAzeyXyMA,0,will-destiny-steven-bonnell-be-on-l
E6omwc7MD6zMAfmUHSaI,0,will-destiny-talk-to-ben-shapiro-in
3szs86zpyB4QQY4zzP2S,-1,will-the-us-debt-ceiling-be-raised-6aa9483db108
C4EnvfPO2CeloxG2OUqY,8,will-the-winner-of-the-world-cup-co-a93cfbfdbc24
DupL0h31bRtTB7lFwfgT,2,what-will-be-the-price-of-ethereum
gjC8DyNYOiDUjIWYUu1a,-1,will-forsen-beat-xqcs-minecraft-rec-52fe1f2d3d92
RqQdSlfdP7Vf6QmsJ80R,4,musk-vs-zuckerberg-fight-will-zucke
UDR3i7cK3L1bzpTk064E,3,will-gpt4-get-the-monty-fall-proble
bXfuOWbgKDYD7BW0bSyd,1,will-hochul-win-new-york-governor-r
aJKnSkMZZF7UG0MzVtHx,2,which-capture-the-flag-will-be-solv-4703f1d1492d
X1T4cvkpfLLx32oMRztf,2,will-destiny-say-the-n-word-soft-a
upJzE175scbqVlPkuOp4,-1,who-will-win-dgger-of-the-year-2022
TzLFeXvVPuS7d7xgxunI,4,will-twitter-still-exist-by-end-of
gQ9H336NZpk8JzWnN4Xr,0,will-destiny-have-more-than-597k-su-36e0b38e3864
BOoIX7lszJoPnLyqfjoH,1,will-the-2024-election-be-a-bidentr
ffKmjOKFccMK3RJwnrPd,-1,will-barbie-gross-2x-oppenheimer-do
ZC1hasqo50YZjcGIS25G,3,will-a-leading-ai-organization-in-t
SAAjASeh6bByf6VJsHvb,-1,will-i-bench-225-by-september-2023
pzaUjPr2p2MSU5IhV0GZ,0,will-destiny-reach-1m-subscribers-o
CBCpG7AUU4pnsbyBn0bg,12,will-a-nuclear-weapon-be-launched-i-015e44ed91f5
Thgkz7BYfJ3CnEvhZIKw,2,will-there-be-more-yes-positions-th-d032195f1267
MPzDRXhIYJ3xD5RgX17t,12,will-israel-preemptively-launch-non
Zn8fLPG5Bi1smOzQqXHq,15,season-3-which-diamond-league-group
UArB18a0un6KSpHReE6E,2,will-manifold-break-its-current-rec
PzPTjSi9k6JCDUYqPpe8,6,will-ukraine-regain-control-over-cr
Ipq4mNcvXitjk55fucp4,5,will-the-6-golden-state-warriors-wi-719e5594a79f
xUnMpQX68MqkAuhr7mpd,-1,how-many-named-storms-will-there-be-69926f0b906d
CRNIlkQqEkYyCwpVNGQC,-1,will-superalignment-succeed
Q6DLW8JovFCmTeLgHzij,0,will-eliezer-yudkowsky-appear-on-th
cE1pnjaMDDaOF16V14Y2,-1,will-google-chrome-remain-the-most-d638290c2b33
AEKSl5IT5fnTHRkGaGMa,8,will-argentina-eliminate-croatia-at
t3jgRDV77jg1Cx5XXBhV,0,will-destiny-complete-the-true-endi
nfq1WtX3cCa7ahmYSGdb,1,will-lauren-boebert-retain-her-hous
OLc4eQKSgf7hI5jRGD4l,14,which-team-will-win-the-2023-campeo-353a16b75f28
AA6qRZKvfiT1IpVNWSAz,9,will-trump-be-charged-by-the-doj-by-011c278e730e
u3cTwW61WqKHWM2YWESr,18,rock-paper-scissors-lizard-spock-to
vKobimbN4k0uo1IoXy1a,7,what-percentage-of-us-energy-will-b
6RbRuRmFxPJEeG588V0U,4,at-the-end-of-2023-will-manifold-us
C88rQObEu5LerDKbrA2V,1,will-joe-biden-get-impeached-in-his
HXAwBg1xLoUjmvzfomrw,2,resolves-to-sqrttrades
u7VeC0sCwIencb7XIulC,-1,will-we-fund-decentralized-nucleic
IY4cZAXStA3cvcqCDJqR,6,will-the-ukraine-war-be-over-by-the
CZwk8bvqylSk5BJrUooX,17,will-jimmy-carter-be-alive-on-march
HTG0rgxrep4xcFQRvH0W,17,will-jimmy-carter-still-be-alive-by-6a3a8a62e518
7nhagPT3w0PNpkQLF917,11,who-will-win-the-2023-formula-1-bel
UWkFSSEIa7xdBzxN7GR8,0,will-destiny-finish-space-explorati
LIbGSquc6FTmXUnIML4X,0,will-lav-come-back-on-destinys-stre
SFtDdL6aUiVTfS2wJkTx,2,which-capture-the-flag-will-be-solv
QpM3ODonrtdJLEYt4eir,5,whatll-be-the-outcome-of-the-2023-n-3cc27f3d1f20
l3K7632Z273RnWmmIgoY,7,37-will-the-us-unemployment-rate-no
fvG9R0njfMXWvRPClqzK,3,47-will-a-successful-deepfake-attem
km07ZU5rRwQT0fqqJgcv,4,conditional-on-the-elon-musk-twitte
6t5FZnUwpG0L29CzFnJQ,1,will-mitch-mcconnell-visit-taiwan-b
f3vopyKtSV6fHNb5k0tJ,11,who-will-come-in-second-place-at-th-47630e1b16fb
w57CGHpDwySwUGHuoCDS,1,will-republicans-win-enough-seats-i
FTGtsTMjv5zNxVMoZuKK,4,will-twitter-remove-rate-limits-by
MlaqB0D80znHH9JHYjGj,12,will-north-korea-conduct-a-nuclear
mAQgw4OFEIJ6xJ4RxZ8A,7,30-will-us-cpi-inflation-for-2023-a
jU8NEFvgsdtQuutnZXPS,-1,will-the-fed-raise-the-fed-funds-ra-b7103e6f1fbf
8VYpxsNovSzgWcELlziC,-1,who-will-win-stage-21-of-the-2023-t
cOPETrbhLOl7w2vg1KaC,15,who-will-promote-to-diamond-from-th
btpGCg7XBR9sFL30xcWV,5,will-the-1-denver-nuggets-win-game-d05fbea57714
Sm2bhMySH8A6W6XKhwE9,3,will-an-ai-get-gold-on-any-internat-67d0e728e11a
BDi1Cp9ii5YlZeOi9BJW,7,will-a-new-world-record-be-set-at-t
SdZJzvfkNfbUnvTKrLGI,1,will-liz-cheney-run-for-president-i
dYPk10oxA9e02IFKp887,-1,will-the-us-enter-a-recession-by-ja
srSBQUw6sgPC4nyA1GuA,1,will-lula-da-silva-win-the-2022-pre
OamdvGnZ3zBDow0XoYQ0,-1,who-will-finish-2nd-in-leagues-s3-m
4HNJtd3z1i4fKRwmt1aC,1,will-someone-other-than-biden-harri
9OhEn8akKzII3DsKJ4An,-1,will-aducanumab-be-withdrawn-by-the
6TIgbwMCKkm1du1fA7yZ,-1,who-will-win-the-2023-college-world
fsItUjon2fJbBusfRaac,15,who-will-be-promoted-to-diamond-fro
inYYNQpG8SCHpo5uqWIU,0,will-destiny-reach-600k-subscribers-13667af8954e
agaoByQqJadT4i0i2by0,4,will-donald-trump-make-at-least-thr
PHe16LT6vAwZXEWxAldR,2,will-i-get-a-5-in-ap-bio
3lfYDITplDp3S6wp9EMc,0,will-destiny-be-in-a-call-with-adin
itp5VrZTioFlYG1QZ2ht,-1,will-any-prediction-market-clearly
2V4mFj9ngyjvgQvoKTI3,12,will-a-nuclear-weapon-be-detonated-6255c9b478b3
YTejAGcSAh1wCuqoiJ7R,3,will-ai-wipe-out-humans-by-2025
QhnAOUQFFGWFc6CmhqoT,0,will-lav-return-to-destinys-stream
xspl5Bke0A2h0G8WQ3Ue,19,will-sweden-win-eurovision-2023
Sp4O1BxukZAEtTju5wXu,-1,will-the-geometric-mean-of-this-mar
g9eV7RQtKs8r6Sz8EKfX,6,will-ukraine-sever-the-land-bridge-2c083b1bb4d9
2dUOh4g3tM6lbzPmwLSG,-1,will-lav-turn-on-andor-speak-out-ab
fiAo2bgVNunftqYkbKix,8,will-france-win-the-2022-world-cup
C34BAbJAYDQoyHTxdX7x,1,will-one-of-biden-trump-or-desantis
2hLkigF9ByR03LGNt0dO,14,who-will-be-world-cup-2022-top-scor-7c8ec62bcac9
7mPJHrqo25TDUD0cfyc4,19,will-finland-and-sweden-be-approved
SB6hntpOtCyMxgJntJLP,4,will-there-be-10-new-effective-altr
IjqF5KXVxSWUtsmKcnBF,1,will-a-democrat-win-the-white-house
3Iyyo0RjdotXJNSunveh,8,will-either-brazil-or-argentina-win
bfgncrNBxxYFRuDHdrum,0,will-destiny-reach-599k-subscribers
E85T5jGNWEP4R2djWtCs,0,will-darius-and-destiny-meet-irl-in
olprobyPbkGK54Vgc6SO,13,which-team-will-win-the-202223-uefa-eee35053eb7a
TDOOpFfDd46mZwVN79jD,14,will-t1-win-worlds
jwEH9AldiAhk4iFh9e9y,9,will-hunter-biden-be-criminally-ind
7tna7U5U2p79n9ZmLJZT,6,will-the-wagner-group-pull-out-of-b
Go3bpY8hgOWOv9LN3ujP,8,what-countries-will-make-it-to-2022
40Y5dmM84Ahf8X9RoSnH,1,will-josh-shapiro-win-the-2022-penn
PIWAZrAN9NSIYLrrwBDB,-1,will-there-be-a-government-shutdown
CtXGJjpdV1ko1H6Rfu2v,1,will-biden-be-the-2024-democratic-n-cccae55809bb
U743DeTWfajYiLdQ0zpO,2,will-this-market-be-above-52-when-i
jWddYUFI29NpkmtRptZq,18,will-white-win-in-manifold-plays-ch
QdfQELYU4QIZazRWdT2F,0,will-destiny-reach-620k-subscribers
hqTneuDcF7jXJt4tEHlj,4,will-elon-musk-and-mark-zuckerberg
bD5JjyT4rd89T1UNV0ZO,3,what-will-bill-gatess-opinion-be-on-f0278c4c5a69
RxR5grRyVrDm0wtzhAuM,3,will-gpt5-be-released-before-2025
jqm46xIu8St9ubruvXpc,4,will-rplace-say-fuck-spez-when-it-c
rfPlb3B1McoxJ4gkqqFA,-1,this-question-will-resolve-positive-95e8560f7cc5
XSOlnkPmDKMGVypqVOgt,-1,who-will-promote-to-platinum-from-z
hmdew3AA9Jy4f41twMEA,13,which-teams-will-be-relegated-from
alPKlzI3ZFoEb9WMRrdr,-1,10-will-china-launch-a-fullscale-in
tX9tntfJqbcbRbR9twfN,-1,will-novak-djokovic-win-mens-single
1K1AqYppjRwnkO79nJJE,0,will-destinys-youtube-channel-hit-6-67504f80b5ab
FfWfiXSu50xks3Zd0Erl,10,will-yevgeny-prigozhin-still-be-ali
QLdcYfes6w4VSddzc5Lc,-1,will-the-crew-and-passengers-of-the
KTIQSfojRhvwuyB2a92r,13,will-arsenal-win-this-2223-season-p
lzKjhFaAy4JeJXFTh692,0,will-leafy-come-on-destinys-stream-82f00d08da2c
RiOo7aiZwT13LDWuCib7,13,which-teams-will-be-relegated-to-la
96Ks9NWUezIgrzLpm23m,-1,by-2050-how-many-degrees-c-of-globa
rhTPpMRpD0rvg7OFFMy6,-1,who-will-be-the-2022-gravity-chess
wENpa5mETtrCnBYJKl5t,-1,will-china-launch-a-fullscale-invas
QzhYXA2995Exs7cPOa0i,6,will-the-kerch-strait-bridge-bridge
dTqYscag1tkoo1PaG01r,12,will-all-nuclear-power-plants-in-ge
xw5c4EU64gG39ZE1KfxW,10,will-russian-orthodox-church-offici
tkihKT5Xlr6ky0cBrlkE,2,cherdleys-myth-azmain
ZLzwwGhdJRZ48RxyjC4m,-1,pepe-vs-yee-1-day-only-2be061a9a6bb
fmqz4DCZbsss3v3tZVRi,-1,will-we-fund-sociopolitical-impacts
lMjFBZh1kq1lsSrp6uPV,7,will-ethereum-above-5k-at-the-end-o
Fa0clyMngxiNiMJnU2wF,6,will-russia-control-kyiv-as-of-apri
nB6mmuUsl41obrSfoxBa,6,will-the-front-line-in-ukraine-chan-0591b16ee4cd
z0sKgg9mIul9tJ2HPSCf,2,total-donations-for-manifold-for-go
xdLZOswPGiZajUbFja6c,0,will-destiny-talk-with-joe-rogan-by
gURvPp2CuVjkdz8TvWNp,5,will-the-miami-heat-make-the-playof
2aAAZkbdonXMx1HXi9Ra,2,will-donald-trump-tweet-again-befor-a471269b7f10
NkgbTaeZHUIFPXi9JUL6,6,will-there-be-m1-abrams-tanks-in-se
hGR18o80jLVwlaMCqqmu,0,will-destiny-finish-factorio-by-the
NHL3H41KXWLNTCNoRwbU,-1,will-catnee-be-the-alltime-leading
cNmTnf0Q0OqH2clJS26c,3,instant-deepfakes-of-anyone-within
wcDggyrq6l2O8pbI4tFB,-1,12-will-ali-khameini-cease-to-be-su
2KJA0sTb7BJ1foTPjYgF,11,who-will-win-stage-19-of-the-2023-t
mCq2fHhPZcd34tpcgMEw,1,uk-general-election-which-month-in-6ab8406103dd
K7U7HjFFzMV26srY5Vep,2,will-this-market-stay-above-90-for
6Up63I2E0D3rknDriBi1,2,how-many-people-will-attend-manifes
lLsokYzNQZMnRuJCDwYM,0,how-many-subscribers-will-destiny-h-46a74402b6a9
CFAQ2YY9LjpAEIddtA4V,1,will-marco-rubio-be-reelected-to-th
8lsGgZ551uxIR9wrCTk0,0,when-will-deltarune-chapter-3-relea
uGNaQHL6VRCU5krzdkeo,4,will-elon-musk-become-ceo-of-twitte
VOR7QIHvUR8XqwGc6EbI,3,50-will-someone-release-dalle-but-f
a4frXpUL2LJ3dxQBwRVO,5,will-the-chicago-bulls-make-the-pla
ehsf2re6fjAyQTzGA71I,2,will-my-profit-be-above-1500-by-the
4f6eGcou5yjeAUlFJBQF,3,will-ai-wipe-out-humans-before-end
aP0u9pJlYhLyYqarEk0G,6,will-russia-have-control-over-bakhm
5dZXiUXLQobXhouBtieY,-1,will-there-be-more-atlantic-hurrica
LD68j9Yycj6IqTPWHo0O,1,will-mike-lee-win-the-2022-utah-sen
S4vX0HkG12LH8zCm4S9c,-1,will-the-ftxff-spend-more-than-100m
YcsTGOh2jIyzlRpWdp3i,8,will-the-usa-win-against-iran-at-th
UrI8BnYljiWQ3MYK6JXj,2,will-the-average-percentage-of-this
j7ytEnyhPWpTqXgI5Jm2,2,will-manifold-work-again-by-the-end
jT4U8DanlkjaJfMuMWke,0,will-destiny-stream-on-fibre-intern
c0tP5c5lPKALuAL3zLra,1,will-kevin-mccarthy-be-the-next-spe-c8186c01015f
TdzCTPAmHdsUNEoIoTSN,-1,which-of-the-elo-everything-top-5-w
BsiuOYEbB8Y4gavI71fq,0,will-destiny-post-a-video-in-februa-242810cc5a13
HRhv92NTikar5GFGckVA,-1,7-will-an-issue-involving-a-nuclear
ItNy6Uv0q9D9qEnrsQ0o,-1,will-a-chinese-spy-balloon-be-shot
4KtkoB2zNhcJYEUfZmrK,4,will-elon-musk-be-the-richest-man-i
pHKtCGAZQ38CMIVwmqXw,1,us-presidency-2024
UVdmlW1gkAke8zChLvzs,-1,season-3-july-masters-how-much-mana
no8mp0mrRHUqirWh4oUT,3,by-2028-will-ai-be-able-to-make-a-f
LZgniNP69QzOvqDcOXg6,-1,will-china-provide-weapons-to-russi
ji5xSu5nRxA3oWKlTSKi,2,will-manifold-reach-8000-monthly-ac-3227c3eda86d
pvNR3NZryMbu20ymdeS5,1,if-trump-is-not-the-republican-nomi
QnLUvJlohsrqg5OjpWFE,8,which-team-will-win-group-c
5XfTIXIQZ1yNIUaz5epF,15,what-will-my-finalized-rank-be-with
pY3UfT7xp2H5q1Jh9Wiu,-1,pepe-vs-yee-1-day-only-38780425528f
54Gdc4zMspOOIdsUR3n1,0,will-destiny-still-have-blue-hair-a-1eb5e1c68ec8
UGxvjLcPx15x8drZ6uP3,5,will-the-golden-state-warriors-win-dc781627ac1f
pnDqs1bzLDIFSkIxYhwS,8,will-brazil-win-the-fifa-world-cup
1d8XLKUEzzZVVGRpdpso,17,who-will-be-the-next-current-or-for
bVO6zZxoQ16UnCiWb45S,-1,will-xqc-beat-forsens-minecraft-rec
nUAYau8CbldGipjgXBhT,19,which-country-is-primarily-responsi
QAnLUYrTdHlaHFmRtGRq,0,will-destiny-have-a-talk-with-andre
TatFKOwcArZrgHClzSj8,5,will-the-philadelphia-eagles-win-th-f98f2a57bc4a
xZAZGWRxpC5dpCpYPUnu,-1,will-there-be-a-us-government-shutd-26492e3c554d
Nwl8UgIDTdBjtQpRwMsq,5,will-the-miami-heat-make-the-finals
PPp6ky8fkIywzuM8fPyp,1,will-a-democrat-win-the-2022-us-sen-a81e2aa364aa
hbSnA5NksIG6d391Rhul,15,leagues-s2-platinum-unpredictable-m
gp2Rc1wkMiaTp1jiHJg8,-1,will-the-supreme-leader-of-iran-ali
1hXgZx3iJDuEwbIAqVT5,-1,what-is-the-risk-free-interest-rate
MBVKIt5fvZeUZ5uK7gvt,-1,will-the-us-officially-enter-a-rece
mZVNJ2OyvvSf6YBcOSEO,11,who-will-win-stage-14-of-the-2023-t
pDCgifEaspF87XO2xK86,7,32-will-the-sp-500-index-reach-a-ne
mpWz5CPph1lMmZixQkWY,14,which-team-will-win-the-2022-fifa-w-73952823fc23
nfka3NTi4z2F6Tbncrke,1,will-george-santos-resign-from-cong
1IVWrEjK6TNoUO7eIhFj,7,will-vegan-pizza-be-commonly-availa
Pq48FlCI0rHpmUbg6QyY,8,fifa-womens-world-cup-2023-who-will-2d0d3893350c
PQNRp2EXSNj4PsYWWxdA,9,will-trump-be-indicted-for-crimes-r-a8c656bcac14
YsXzFP8eEfkUOmKorCKG,-1,will-fed-pivot-by-q4-2023
0UuVvfqMrIPdAv4RTvUN,0,will-the-loud-black-zoomer-streamer
dcK7GmCnTACEd4tyEd4v,0,will-lav-return-to-the-stream-again
pxZib4aGe7p7DVvUlcaE,1,will-liz-truss-be-prime-minister-of
fvsMrNSVXdRFupxMiueG,2,will-destiny-finish-factorio-by-31
WIDyaT7tJBa8U7kiVUEI,10,will-sergei-shoigu-still-be-the-rus
bb1CtNe3qMLq4xAiGKiq,0,will-destiny-reach-grandmaster-rank
onhTHDgQVDpX6V5inItM,10,will-a-coup-or-regime-change-take-p
MTJvn1ltqhcAQjLCNqrf,-1,will-the-tesla-bot-be-available-by
uBphK171TDmGsfttVyKU,11,how-many-cars-will-retire-from-the
NzkPiNG81mocJi0Hs9qW,11,how-many-cars-will-retire-from-the-a500c4a6aec6
CgiMR0ygCN02inndla3s,5,will-the-1-denver-nuggets-defeat-th-a8be6e856787
XoOYg93LDvZQa7fL2dLr,2,when-will-manifold-reach-900-engage
R0BhowgTSahb3E8wEvtZ,7,28-will-twitters-net-income-be-high
bHDE0TPgGbQ4cu9iv38M,-1,this-question-will-resolve-positive
2c5K3lJlPvaz2KdFLFqa,1,if-joe-biden-is-the-2024-nominee-wi
lGLODkaVp9LWGfV8jJmt,3,will-gpt5-be-capable-of-recursive-s
GUPcVw3FNRxwEZXSuKLm,0,will-it-be-unclear-whether-destiny
wB6CnnrjRgIh8jATB4RF,1,if-tina-kotek-is-the-2022-democrati
TnZBpgbjzBg8vDwIgVjt,12,will-a-nuclear-weapon-be-detonated-decbb69f00b3
zMEv1ho9UoVNbVcg42j9,0,will-qorantos-grow-as-a-streamer-th
G1o4zOslrms1ZAPT7Vrw,9,will-trump-be-indicted-for-crimes-r-666bc694edaa
kBwWlqWtJbAUWAEKKv1d,8,will-portugal-eliminate-morocco-at
LZFYi4KzIoc4b4UVsgy3,18,who-will-win-place-and-show-in-hand
sCKnpP1YlT5OVddAb9UM,2,will-1000-loot-box-be-sold-before-j
TTMWjfmyZImPvLQkxTbe,7,36-will-tether-depeg-in-2023
3DvXbLFl0gmErE1xIMXq,-1,who-are-the-most-trustworthy-manifo
RG2aK1rxbs4hPH2PYrTK,4,will-twitter-go-bankrupt-before-202
0BIREXmOLJ2WZNVAatm3,7,will-the-average-price-of-a-dozen-e
ATMOMzl2InERp06uo0MJ,0,will-destiny-talk-with-lav-by-the-e
6lh1uqmUiVb2EJIBGx3O,2,will-there-be-at-least-200-but-no-m
dQOpPzqQBrRWJwlEbdJR,-1,will-i-promote-to-diamond-this-seas
0ywISwPxuAclJjuZOhHD,-1,will-a-world-leader-be-assassinated
GUdxs9LUiWbZj8WWDqU6,8,fifa-womens-world-cup-2023-who-will-3bf428349307
GZUE8aftIfB77QgKL8lT,2,which-will-people-rate-as-more-femi
HPFh3panUkSrBKNCyoWS,3,will-there-be-another-wellrecognize-511a499bd82e
7k51cHV4gR4Uw0AfP9IC,1,if-charlie-crist-is-the-democratic
eK5Ze7BnMPgl4Bg0LeIE,5,will-the-warriors-beat-the-kings-in
Iw0eZ4vH4hR1tlOVU5e5,3,will-google-search-include-a-chatbo-e0aa2893e9a8
iVOsT4OHz9FtV7ETzF25,0,will-artemis-i-launch-by-the-end-of-75233245efeb
xzRQWXY58cR36bWErzrm,10,will-prigozhin-leader-of-wagner-gro-f4fb1726a5f8
Qc14QcQUCypzbqF10XMz,4,how-many-users-will-threads-have-af
GQk6G2laOauedKwQHA0x,0,will-destiny-play-a-videogame-with
xqinttAjP1aZUZYCTB82,2,will-i-have-122-followers-at-market
0ePXnZj3oY4Xlos7tvxe,-1,bundesliga-23-which-footballsoccer-f6f89e64401f
X15ze5u0C49oe5cXbpk3,-1,will-the-fed-raise-benchmark-rates-1102ff6b1a79
qR35cYHecZVxkh7n8kJ8,-1,will-a-nonchromium-based-web-browse-a3887d178a37
0yluC3HmseYLmus4rB0A,3,will-robin-hanson-publicly-shorten
s8CahWqnj15GhQRpB5MD,1,will-joe-biden-throw-up-on-another
a9kyHjthCWoFMosvX4TT,1,will-the-margin-of-victory-in-the-g
iQzwfwVm4oSeXwxjbLwI,-1,will-scott-alexander-write-an-acx-b
IbL4A4gtwd3H0zAnxt0d,2,will-i-go-on-a-date-with-a-cute-ner
zd5glTmfNDU2KNqMnAWu,2,resolved-justice-requires-open-bord-ef7a52c00ab3
GpOL7kx3XmYyUeBrDu7F,9,will-substantial-evidence-emerge-by
phDkwcP05fXxHHr8EbiD,1,will-the-democratic-party-win-the-2
vSggBCnqpLfjzpKHQsg4,1,american-politics-2023-mike-pence-r
eqBCOOOisixkrGr83J7v,-1,who-will-win-the-wavedash-2023-supe-03c261184e53
vjI4TRkT3q8mkvy6Q1Iu,5,will-the-golden-state-warriors-win
MW3kB4kCWmMXLttv4l5S,-1,will-ukraine-win-eurovision-2023
PGIn1GpkgW7Ig2uLb9QN,-1,this-question-will-resolve-positive-5c753f5a33e1
HK4NCNm4JShZ0syLiptz,-1,will-isaac-kings-69-market-resolve
SQNKbxDyRBBdN3qw9CIe,3,will-there-be-an-antiai-terrorist-i-fa3a2721ed32
KArFZiiYYCxToIkHJCeZ,11,who-will-win-stage-13-of-the-2023-t
ClyGUpumEBcRdi9UGyLm,13,will-manchester-united-qualify-for
zFEqOGByyYrvg1rTwb8p,3,will-gallups-poll-on-americas-most
z8awccgKF9qEreoG6FsH,-1,will-the-trump-special-master-case
pJF6hIiSuMz0s5Zzz9GZ,-1,will-humanity-achieve-immortality-b
7YFLd1GAqCSgi7KLglJq,0,will-tron-lightcycle-power-run-open-bab1737a41bd
gFV6Zf44nK6lZwoPmYLb,4,will-elon-step-down-as-head-of-twit
kuCgGJf6mFE175x150zo,-1,will-we-fund-rethink-priorities-sur
V6iZyMD8B9ldhkU4gaBg,6,will-ukraine-hold-western-bakhmut-t
USOIWdoF2e98Vg2AdXse,4,will-destiny-get-unbanned-on-twitch
OpG27xxQmcxBMKKjrogc,1,will-mario-draghi-be-the-italian-pr
0yqyA1yIJgwXxBxL5Vkw,4,what-will-the-name-of-the-ios-twitt
bHoMaKLxtP0LdNe7nFES,7,will-the-traunche-power-in-this-mar
NG6zcuG0pbonAqHl9LOZ,6,will-russia-control-bakhmut-before
uYgbvmSEaoySZluKrBVQ,0,will-cgp-grey-upload-a-video-to-his
ojhFkfZHmhtt0GCXOE1T,1,will-jared-polis-be-reelected-as-co
rgdw8WtPumwtQ5zdlwX7,3,will-an-ai-win-a-gold-medal-on-the-fc04e26738c6
YREnvVjBXi5qQFCQhzSv,3,in-2028-will-at-least-350000-11000
XNEkXRQfiy1iZEMOTAnx,-1,will-chatgpt-be-times-2023-person-o
YYXMGeXpEzHxhXoK3UXw,-1,what-will-i-rate-oppenheimer-out-of
DoT29BLEAKKdDDOVf1ya,6,will-the-ukrainian-army-launch-a-la
LT6dsaVEPNGf4CR6Iplu,0,will-artemis-i-launch-by-the-end-of-197144ac38ab
LedSSX0WluUIMBDCM0uy,6,will-ukraine-control-kherson-city-c-ca4ba43083d9
Wjd2M3bFReBU5Lmb3v2r,3,49-will-ai-win-a-programming-compet
mCxYXMScOlz6JDoEqDs4,3,will-claims-of-a-retrieved-craft-of
D2XeAUcy1xPOc7zBcxdy,2,will-this-question-get-90-unique-tr
vHDDnTWdSKlNnmzNDZDy,17,will-lexfridman-interview-volodymyr
iHKtelnXauJm6Ev9OCDc,10,will-the-government-of-any-country-f757b34125b5
YC0EGqrwOecMcg2FiUts,5,will-the-2-boston-celtics-win-game-2d48778fa263
IcpKZoGV0eNZMpgnPRH4,2,connor-vs-ludwig
ga5bdA6uhlrA5AYEE9Ej,7,35-will-bitcoin-end-2023-above-3000
bf4ubk2X5Z7nITWnGNcP,15,leagues-s2-platinum-serendipitous-p
rdQVGvI3b8sLGOiilaQ8,1,will-ron-johnson-be-reelected-in-th
o07x9wU0QVptzKGL2wwv,8,which-team-will-win-group-f
iLhOsXM04Ruz1LtGb63I,7,46-will-a-cultured-meat-product-be
nYsUyv2X7qk2KoKnqnru,4,will-elon-musk-be-banned-from-twitt
ZSqh7gvWxFIPF8wmYhD4,-1,will-realdonaldtrump-write-a-tweet
lH1yFSWxZwpxskR5XsHP,0,will-mr-girl-return-to-the-stream-b
wxZdJPL7VbpCnpD1hyEh,4,what-will-tetraspace-think-enhanced
a1dex5bwF19qXJGSL7U7,2,does-god-exist
YXPqTanGfwUitjJnWPaL,-1,will-we-fund-nuclear-offramps
3FTNKnyoJUmZx3LgkplJ,0,will-destinys-side-channel-last-nig-a32c46079f49
90tU2RWkTj0aL4LZ1iSR,2,how-much-are-we-going-to-sell-on-ub
r1pE3P9RYSJsylz0skaB,6,will-ukraine-control-kherson-city-c
SDYG7oWVPFIHGGVGTve2,-1,will-we-fund-curiosity-fellowship
bj17NEHtuP5vjkyuSuaj,-1,will-lex-fridman-interview-elon-mus
dm8kDfQ1HDOhW8VVCjN7,19,will-sweden-be-an-official-member-o
qO73s26ZjSwIxuAz2Ca8,17,within-the-next-5-years-there-will
a03r03En2DUVJ8h4fzXQ,-1,when-will-the-actors-strike-end
5Dv6vR1WBXM8ZmtQw2Go,19,will-finland-join-nato-before-2024
bA34WkyVDJeAxO387EJC,-1,will-ftx-go-bankrupt-before-2024
80L0VKpeMkG4Qby5748j,19,will-sweden-join-nato-by-the-end-of-f677c48dd2b7
UTsHhOK1aZXeuouq3Z9B,9,american-politics-2023-hunter-biden
nBaJdBfraPBkwkGvgnpF,16,will-the-lk99-room-temp-ambient-pre-d6f8357bb625
WJ2qV3tMYAe14erwZuF4,2,manifold-revenue-august-2023-5931b7e87ac3
eCkLML8pfz4eOeaHJTZX,0,will-mrgirl-apologize-to-destiny-be
TCu9mfpMPGM9i7wjSGWC,-1,will-russia-nuke-ukraine
XCq9yD0FHY0oYAGpBKro,8,will-argentina-win-the-fifa-world-c
0KXZ0n2UBqrfkNHdXt5x,10,will-the-government-of-any-country
VYsjcauw34Qru3eVQIxz,5,will-the-oklahoma-city-thunder-make
JLkKNct0OKCFIXtd7d3U,13,what-teams-will-make-it-to-the-2022-a29a239867a1
dchxiQkTEn0BRdsz3kKf,5,will-the-denver-nuggets-make-the-fi
IiJt1CkRDDeHEQDnPQ5f,9,sbf-convicted-of-a-felony-before-20-6c6a7687505b
n6sRCgbDSs25qnMeKSlI,0,will-destiny-talk-to-vaush-in-2023
3EeZ3lbo3sS7oKldMtyu,10,by-2024-will-vladimir-putin-be-char
ubwd4HRwIKt7ms34BhtW,9,will-5-of-an-ftx-grant-be-clawed-ba
P3wCO4BhL7P0q9Ml4HKp,2,will-sam-bankmanfried-still-be-spea
jwrngiN7kQ7QJVTvVKHy,4,who-will-be-the-next-ceo-of-twitter-df1222bf7d76
iUC0UB5bb7tU6AwLa4Gd,5,will-the-los-angeles-lakers-make-th-f7197cd63eee
vnTWZ9ktTZ6ERGV278Yk,1,will-the-democrats-win-the-2024-us
rZw3lUIEwGJPw6BLUIhX,19,will-ukraine-be-an-official-member
CTQCTcTvjigczwotykhR,7,will-sp-500-increase-in-april-2023
hiUQ4DYdWAo7R2u8PxdA,1,will-gavin-newsom-be-the-democratic
pswmyXdHKAVcq0BXotUL,2,will-less-wrongs-big-red-button-be
yzDIwPeY3ZaZZjmynbjP,3,will-bryan-caplan-win-his-bet-with
uxqAcXkagCaYoSgzFedh,0,will-destiny-have-a-talk-with-trist
opp1llf9KYob0eSFgUkq,0,will-destiny-endorseuse-manifold-ma
SMMblDKhRMEc28PBNJ23,1,will-glenn-youngkin-run-for-preside
zk1sRPlX4cocvPUHwHno,4,will-twitter-have-more-daily-active
ektS9GTQmmbhURMFOrjM,3,will-ai-get-at-least-bronze-on-the
Anbz970Gh7GVuNJfccn3,0,will-vladimir-putin-appear-on-the-l
JjeqWMfMzwrUMdHvn8Io,0,will-destiny-go-back-on-the-lex-fri
6N3OTj8HaNdhUsp7j3nA,-1,will-destinys-article-about-mr-girl-641cfc2853fe
NUEPjGu3ilUkYpNSaslN,0,will-dan-play-a-game-with-destiny-w
FtSvoX5nLMubZVS9s6kp,0,will-destiny-bring-on-the-game-awar
zqUtaPuFI9UdULyVLOld,2,date-trump-first-tweets
ZMmKOxbZjr18KY1J1Sis,18,will-manifold-judge-betting-streaks
9vaOBVJFF2TfrtcVrFMu,-1,will-we-fund-growth-teams
MOYzNbtybA4p1Do72v3t,0,does-destiny-finish-factorio-before
ixaSNFEuapw90SxglP9B,1,will-a-democrat-win-the-2022-us-sen-6f1a901e1fcf
tyu1GyEcMEqnmzUF5yBT,7,will-avatar-the-way-of-water-gross-7254b7f28998
YAcq5Mb63HuDVdcZTbZW,17,will-jimmy-carter-be-alive-on-janua
on6DF1JpPTw9enrPfHwm,6,at-the-end-of-the-war-will-ukraine
QnTFO0KEUa78rlDQ8IM8,2,is-this-a-catfish
IUESNq4Ui2ROSBMjs7ci,-1,will-the-resolution-to-the-whales-v
FylZIaa1ssoMSEDHdxZw,-1,ashes-5th-test-who-will-win
P9i802l7H03rxbRYkI5J,0,will-the-crystal-ballin-podcast-rel-c4ad61fd18c8
IitzJL2rlnqSjQByOqKK,-1,will-the-whales-vs-minnows-market-c
ndJNTZ68TsphAhWsz2xl,3,will-a-device-from-neuralink-receiv
Zicxdb3T41jrDuQxGtco,18,manifold-plays-poker-who-will-win-h-46e529ba522a
7SJmdeGPTOho6TLR9Jdb,13,will-liverpool-be-in-the-champions
9WizBWmiczVYPqDA6LTR,-1,will-team-yes-have-more-total-logsh
XPYfSw8xWvc7QpFnSrRV,3,will-we-find-out-that-a-major-polit
nrUQHvNTRoZbOpJMFO9l,5,will-the-phoenix-suns-make-the-fina
W2bcEJESAxt0qlVxXmMG,0,will-destiny-play-league-of-legends
uPu0x53O95XhW2AUcLtk,0,will-destiny-reach-605k-subscribers
8xK6Mp3MI5Oxf6LZ2jON,7,43-will-a-new-version-of-covid-be-s
xaH0uCzvu76Ezlalba5g,18,will-white-win-in-alexliesmans-mani
94Ru8TsQkdHx3Yqlfv3i,4,will-twitter-will-open-source-all-c
gKjq6bC6qwkMTDWh3R46,15,leagues-s2-platinum-pessimistic-bas
SVk1ZnhV2A7ZL3CEn3SB,15,will-leagues-be-the-most-impactful
tTRsQc0cHtb5icKNQ5Jz,0,will-150-or-more-dggers-show-up-for
OWkM9xZioIKKeG5RZjlX,14,which-nhl-team-will-win-the-202223-292800cebefa
tmI1N6FZjRgL84jZoYzM,2,will-this-market-by-isaac-king-reso
UkVXVMKlO95DBoRp4Xmq,2,will-rick-astley-ever-gonna-give-yo
XY1SkAvEbCgn46LtulEn,1,if-mandela-barnes-is-the-2022-wisco
MfdLCAbhjMsaohXYimXJ,2,what-is-the-best-weed-strain
M277YGyBihlZYwBiz9Ox,-1,will-we-fund-project-helio
B6vvPTCmGMxVuOUguPsS,-1,how-much-will-the-fed-change-intere-cb68c50305a8
pUzxBILCr0GXboD6YXna,-1,just-installed-tinder-will-i-go-on
